{"cameraMode":{"drawMode":0,"name":"Shaded","section":"Shading Mode"},"sceneLighting":true,"audioPlay":false,"sceneViewState":{"showFog":true,"showMaterialUpdate":false,"showSkybox":true,"showFlares":true,"showImageEffects":true,"showParticleSystems":true},"in2DMode":false,"pivot":{"x":-0.44278380274772646,"y":1.0692216157913209,"z":-0.31228360533714297},"rotation":{"x":-0.19736157357692719,"y":0.18805749714374543,"z":-0.038765572011470798,"w":-0.961408257484436},"size":8.368827819824219,"orthographic":false}